{"cameraMode":{"drawMode":0,"name":"Shaded","section":"Shading Mode"},"sceneLighting":true,"audioPlay":false,"sceneViewState":{"showFog":true,"showMaterialUpdate":false,"showSkybox":true,"showFlares":true,"showImageEffects":true,"showParticleSystems":true},"in2DMode":false,"pivot":{"x":908.9993896484375,"y":65.4297103881836,"z":57.38646697998047},"rotation":{"x":-0.09860081225633621,"y":-0.3481362462043762,"z":0.03644363209605217,"w":-0.9316250085830689},"size":156.5304718017578,"orthographic":false}