{"cameraMode":{"drawMode":0,"name":"Shaded","section":"Shading Mode"},"sceneLighting":true,"audioPlay":false,"sceneViewState":{"showFog":true,"showMaterialUpdate":false,"showSkybox":true,"showFlares":true,"showImageEffects":true,"showParticleSystems":true},"in2DMode":false,"pivot":{"x":84.67716979980469,"y":60.192893981933597,"z":5.544252395629883},"rotation":{"x":0.35245031118392947,"y":-0.3071557879447937,"z":0.12373517453670502,"w":0.8753201365470886},"size":10.0,"orthographic":false}