{"cameraMode":{"drawMode":0,"name":"Shaded","section":"Shading Mode"},"sceneLighting":true,"audioPlay":false,"sceneViewState":{"showFog":true,"showMaterialUpdate":false,"showSkybox":true,"showFlares":true,"showImageEffects":true,"showParticleSystems":true},"in2DMode":false,"pivot":{"x":-48.4566764831543,"y":-68.35823059082031,"z":121.40469360351563},"rotation":{"x":0.2900006175041199,"y":-0.26120156049728396,"z":0.0826544240117073,"w":0.9170071482658386},"size":78.03961181640625,"orthographic":false}