{"cameraMode":{"drawMode":0,"name":"Shaded","section":"Shading Mode"},"sceneLighting":true,"audioPlay":false,"sceneViewState":{"showFog":true,"showMaterialUpdate":false,"showSkybox":true,"showFlares":true,"showImageEffects":true,"showParticleSystems":true},"in2DMode":false,"pivot":{"x":100.5853271484375,"y":43.02085494995117,"z":32.438720703125},"rotation":{"x":-0.18675121665000916,"y":-0.013280292972922326,"z":0.0006479188450612128,"w":-0.9825415015220642},"size":56.304656982421878,"orthographic":false}