{"cameraMode":{"drawMode":0,"name":"Shaded","section":"Shading Mode"},"sceneLighting":true,"audioPlay":false,"sceneViewState":{"showFog":true,"showMaterialUpdate":false,"showSkybox":true,"showFlares":true,"showImageEffects":true,"showParticleSystems":true},"in2DMode":false,"pivot":{"x":89.21947479248047,"y":81.43069458007813,"z":-24.303380966186525},"rotation":{"x":-0.2517683207988739,"y":0.2568815052509308,"z":-0.06977888941764832,"w":-0.9305383563041687},"size":9.035138130187989,"orthographic":false}