{"cameraMode":{"drawMode":0,"name":"Shaded","section":"Shading Mode"},"sceneLighting":false,"audioPlay":false,"sceneViewState":{"showFog":true,"showMaterialUpdate":false,"showSkybox":false,"showFlares":true,"showImageEffects":true,"showParticleSystems":true},"in2DMode":false,"pivot":{"x":48.779998779296878,"y":7.599999904632568,"z":3.2100000381469728},"rotation":{"x":0.10293938964605332,"y":0.0646514892578125,"z":0.0048124464228749279,"w":-0.9927961826324463},"size":4.330127239227295,"orthographic":false}