{"cameraMode":{"drawMode":0,"name":"Shaded","section":"Shading Mode"},"sceneLighting":true,"audioPlay":false,"sceneViewState":{"showFog":true,"showMaterialUpdate":false,"showSkybox":true,"showFlares":true,"showImageEffects":true,"showParticleSystems":true},"in2DMode":false,"pivot":{"x":89.62417602539063,"y":88.34963989257813,"z":3.389622926712036},"rotation":{"x":-0.08976969867944718,"y":0.20232178270816804,"z":-0.018626341596245767,"w":-0.9750382304191589},"size":10.0,"orthographic":false}