{"cameraMode":{"drawMode":0,"name":"Shaded","section":"Shading Mode"},"sceneLighting":true,"audioPlay":false,"sceneViewState":{"showFog":true,"showMaterialUpdate":false,"showSkybox":true,"showFlares":true,"showImageEffects":true,"showParticleSystems":true},"in2DMode":false,"pivot":{"x":387.56134033203127,"y":237.0464630126953,"z":-255.76197814941407},"rotation":{"x":-0.14339308440685273,"y":-0.05929195135831833,"z":0.0067965080961585049,"w":-0.988114595413208},"size":2.2301273345947267,"orthographic":false}