{"cameraMode":{"drawMode":0,"name":"Shaded","section":"Shading Mode"},"sceneLighting":true,"audioPlay":false,"sceneViewState":{"showFog":true,"showMaterialUpdate":false,"showSkybox":true,"showFlares":true,"showImageEffects":true,"showParticleSystems":true},"in2DMode":false,"pivot":{"x":83.1277847290039,"y":44.630558013916019,"z":-16.741127014160158},"rotation":{"x":-0.2713978886604309,"y":0.19406530261039735,"z":-0.05616367608308792,"w":-0.9410917162895203},"size":8.660252571105957,"orthographic":false}